{"cameraMode":{"drawMode":0,"name":"Shaded","section":"Shading Mode"},"sceneLighting":true,"audioPlay":false,"sceneViewState":{"m_AlwaysRefresh":false,"showFog":true,"showSkybox":true,"showFlares":true,"showImageEffects":true,"showParticleSystems":true,"showVisualEffectGraphs":true,"m_FxEnabled":true},"in2DMode":false,"pivot":{"x":5.140951633453369,"y":1.2424066066741944,"z":2.926995277404785},"rotation":{"x":-0.001686527393758297,"y":-0.9919847249984741,"z":0.12596963346004487,"w":-0.013406356796622277},"size":1.4739664793014527,"orthographic":true}