{"cameraMode":{"drawMode":0,"name":"Shaded","section":"Shading Mode"},"sceneLighting":true,"audioPlay":false,"sceneViewState":{"m_AlwaysRefresh":false,"showFog":true,"showSkybox":true,"showFlares":true,"showImageEffects":true,"showParticleSystems":true,"showVisualEffectGraphs":true,"m_FxEnabled":true},"in2DMode":false,"pivot":{"x":7.054187774658203,"y":0.07771730422973633,"z":-0.07984524965286255},"rotation":{"x":0.0004223402065690607,"y":-0.9949490427970886,"z":0.10064306855201721,"w":0.0044660307466983799},"size":2.9820797443389894,"orthographic":true}